{
    "model_name": "ThermalTime",
    "parameters": {
        "t1": 131.0826205181254,
        "T": -20.784411015710564,
        "F": 580.0120344667457
    }
}