{
    "model_name": "ThermalTime",
    "parameters": {
        "t1": 83.90772319927117,
        "T": -0.4881613637346405,
        "F": 851.1067110219736
    }
}