{
    "model_name": "ThermalTime",
    "parameters": {
        "t1": 226.26773751329438,
        "T": 7.106131741670546,
        "F": 167.90322094938148
    }
}