{
    "model_name": "ThermalTime",
    "parameters": {
        "t1": 195.83279776623206,
        "T": -9.818080861862432,
        "F": 688.7113369690347
    }
}