{
    "model_name": "ThermalTime",
    "parameters": {
        "t1": 260.4652610922984,
        "T": -9.703024909910024,
        "F": 296.30818815859914
    }
}