{
    "model_name": "ThermalTime",
    "parameters": {
        "t1": 198.57361968741844,
        "T": 8.406031505310507,
        "F": 331.08266482769045
    }
}