{
    "model_name": "ThermalTime",
    "parameters": {
        "t1": 112.02238160058653,
        "T": 17.005155496740798,
        "F": 905.2837645411856
    }
}