{
    "model_name": "ThermalTime",
    "parameters": {
        "t1": 160.3623042552752,
        "T": -17.513923356097933,
        "F": 857.6275616529805
    }
}