{
    "model_name": "ThermalTime",
    "parameters": {
        "t1": 210.23846054516366,
        "T": 20.67777945836899,
        "F": 573.9310107256686
    }
}