{
    "model_name": "ThermalTime",
    "parameters": {
        "t1": 215.90471847505353,
        "T": 10.918746218567533,
        "F": 206.59482889255906
    }
}