{
    "model_name": "ThermalTime",
    "parameters": {
        "t1": 207.02980837354187,
        "T": -22.265809613330468,
        "F": 290.03561489544063
    }
}