{
    "model_name": "ThermalTime",
    "parameters": {
        "t1": 252.85357187565728,
        "T": 9.226364720506297,
        "F": 207.9061925191582
    }
}