{
    "model_name": "ThermalTime",
    "parameters": {
        "t1": 156.14729653688278,
        "T": -19.818974698877508,
        "F": 286.8969836117841
    }
}