{
    "model_name": "ThermalTime",
    "parameters": {
        "t1": 170.76180565680977,
        "T": -17.757224422453373,
        "F": 286.94429759013997
    }
}