{
    "model_name": "ThermalTime",
    "parameters": {
        "t1": 266.11089322689156,
        "T": 4.866467884504521,
        "F": 289.11357506004344
    }
}