{
    "model_name": "ThermalTime",
    "parameters": {
        "t1": 80.57965965953073,
        "T": -10.417058412184014,
        "F": 574.0365040547134
    }
}