{
    "model_name": "ThermalTime",
    "parameters": {
        "t1": 160.8121182830137,
        "T": 9.393805412218247,
        "F": 574.5473534690212
    }
}