{
    "model_name": "ThermalTime",
    "parameters": {
        "t1": 131.1146109317294,
        "T": 8.319157576308573,
        "F": 581.4852514230256
    }
}