{
    "model_name": "ThermalTime",
    "parameters": {
        "t1": 162.04514806510895,
        "T": -3.1118355074908957,
        "F": 587.7431192807262
    }
}