{
    "model_name": "ThermalTime",
    "parameters": {
        "t1": 240.547715603312,
        "T": 12.739720374778546,
        "F": 246.14302963565015
    }
}