{
    "model_name": "ThermalTime",
    "parameters": {
        "t1": 136.89710672706042,
        "T": -5.688583450251916,
        "F": 888.2967023426261
    }
}