{
    "model_name": "ThermalTime",
    "parameters": {
        "t1": 232.7285739022176,
        "T": 3.2330006275160805,
        "F": 285.3047000007283
    }
}