{
    "model_name": "ThermalTime",
    "parameters": {
        "t1": 186.29802297708522,
        "T": -2.247754753907305,
        "F": 292.1149553270732
    }
}