{
    "model_name": "ThermalTime",
    "parameters": {
        "t1": 117.67034387028865,
        "T": -11.873215989093824,
        "F": 587.6582952240692
    }
}