{
    "model_name": "ThermalTime",
    "parameters": {
        "t1": 110.98742177413772,
        "T": 9.825860257169078,
        "F": 871.2901375416654
    }
}