{
    "model_name": "ThermalTime",
    "parameters": {
        "t1": 176.924212608807,
        "T": 23.453581919613352,
        "F": 598.1003846651901
    }
}