{
    "model_name": "ThermalTime",
    "parameters": {
        "t1": 153.07228362737416,
        "T": -14.370778034040873,
        "F": 578.2240185796792
    }
}