{
    "model_name": "ThermalTime",
    "parameters": {
        "t1": 178.96800422221924,
        "T": -21.192615385244622,
        "F": 844.6091458554461
    }
}