{
    "model_name": "ThermalTime",
    "parameters": {
        "t1": 188.66243937496878,
        "T": 5.59936387052114,
        "F": 349.2154863979679
    }
}