{
    "model_name": "ThermalTime",
    "parameters": {
        "t1": 241.87030364054928,
        "T": -6.669857514755506,
        "F": 6.902469267106426
    }
}