{
    "model_name": "ThermalTime",
    "parameters": {
        "t1": 220.1309729176633,
        "T": -9.891224945543714,
        "F": 294.2784460862937
    }
}