{
    "model_name": "ThermalTime",
    "parameters": {
        "t1": 221.3581529244456,
        "T": -16.568745033947785,
        "F": 283.2552775815438
    }
}