{
    "model_name": "ThermalTime",
    "parameters": {
        "t1": 98.365317658388,
        "T": 2.2238639688903827,
        "F": 575.7439554754574
    }
}