{
    "model_name": "ThermalTime",
    "parameters": {
        "t1": 115.64584763362271,
        "T": -6.092372342746757,
        "F": 861.2884547877379
    }
}