{
    "model_name": "ThermalTime",
    "parameters": {
        "t1": 147.06172692084718,
        "T": -3.3356346023573984,
        "F": 504.3665133605968
    }
}