{
    "model_name": "ThermalTime",
    "parameters": {
        "t1": 188.21747496612434,
        "T": -2.747752029538142,
        "F": 50.26091493406551
    }
}