{
    "model_name": "ThermalTime",
    "parameters": {
        "t1": 105.62910026332209,
        "T": 15.73550933949528,
        "F": 863.6413243105405
    }
}