{
    "model_name": "ThermalTime",
    "parameters": {
        "t1": 101.74024138819487,
        "T": 1.6759926427388938,
        "F": 575.1386726850504
    }
}