{
    "model_name": "ThermalTime",
    "parameters": {
        "t1": 104.4868361060563,
        "T": 5.028339515686298,
        "F": 853.0093224653829
    }
}