{
    "model_name": "ThermalTime",
    "parameters": {
        "t1": 30.67044040190497,
        "T": 5.602698249237253,
        "F": 356.9349092881507
    }
}