{
    "model_name": "ThermalTime",
    "parameters": {
        "t1": 143.72754227748283,
        "T": -14.809675783212073,
        "F": 290.4736721820085
    }
}