{
    "model_name": "ThermalTime",
    "parameters": {
        "t1": 158.37048515141802,
        "T": 14.828851663785237,
        "F": 286.70385591549643
    }
}