{
    "model_name": "ThermalTime",
    "parameters": {
        "t1": 157.92706460784413,
        "T": -1.8857132458487635,
        "F": 290.6611132738512
    }
}