{
    "model_name": "ThermalTime",
    "parameters": {
        "t1": 138.19249943329373,
        "T": -23.05318971780296,
        "F": 559.6210377858541
    }
}