{
    "model_name": "ThermalTime",
    "parameters": {
        "t1": 220.67180293580245,
        "T": 23.316160482306557,
        "F": 294.048212873568
    }
}