{
    "model_name": "ThermalTime",
    "parameters": {
        "t1": 76.29389100573556,
        "T": 14.289497508755888,
        "F": 288.1519610989965
    }
}