{
    "model_name": "ThermalTime",
    "parameters": {
        "t1": 126.84020614243532,
        "T": 3.450196333657268,
        "F": 285.96750289237656
    }
}