{
    "model_name": "ThermalTime",
    "parameters": {
        "t1": 115.02727715723078,
        "T": 6.648278832730381,
        "F": 880.5419612605015
    }
}