{
    "model_name": "ThermalTime",
    "parameters": {
        "t1": 208.5026505106788,
        "T": 4.405148808073461,
        "F": 589.2618778579786
    }
}