{
    "model_name": "ThermalTime",
    "parameters": {
        "t1": 196.71059391331409,
        "T": 9.14997692865307,
        "F": 579.1436182525966
    }
}