{
    "model_name": "ThermalTime",
    "parameters": {
        "t1": 223.83615266279867,
        "T": 5.063817731828335,
        "F": 285.36511438908167
    }
}