{
    "model_name": "ThermalTime",
    "parameters": {
        "t1": 143.77500644098066,
        "T": -10.57249796337546,
        "F": 886.6803714907571
    }
}