{
    "model_name": "ThermalTime",
    "parameters": {
        "t1": 153.1073086232122,
        "T": -1.2827450658211919,
        "F": 878.9876382016305
    }
}