{
    "model_name": "ThermalTime",
    "parameters": {
        "t1": 218.2320201301614,
        "T": -1.5203626020810823,
        "F": 289.1576589685442
    }
}