{
    "model_name": "ThermalTime",
    "parameters": {
        "t1": 198.24476220677928,
        "T": 5.356051115804872,
        "F": 574.9634931523628
    }
}