{
    "model_name": "ThermalTime",
    "parameters": {
        "t1": 111.64387815141568,
        "T": 18.372874372761995,
        "F": 886.9035739391195
    }
}