{
    "model_name": "ThermalTime",
    "parameters": {
        "t1": 161.61153803975992,
        "T": -2.004218567957572,
        "F": 877.533481979998
    }
}