{
    "model_name": "ThermalTime",
    "parameters": {
        "t1": 213.78809174864688,
        "T": -19.779510669512604,
        "F": 595.010256932936
    }
}