{
    "model_name": "ThermalTime",
    "parameters": {
        "t1": 171.14645563464632,
        "T": -16.461530533279863,
        "F": 289.9601584537781
    }
}