{
    "model_name": "ThermalTime",
    "parameters": {
        "t1": 102.38469484257433,
        "T": -6.330658751507501,
        "F": 860.8348763963807
    }
}