{
    "model_name": "ThermalTime",
    "parameters": {
        "t1": 133.4623915577271,
        "T": -11.693295799826837,
        "F": 293.0173507799955
    }
}