{
    "model_name": "ThermalTime",
    "parameters": {
        "t1": 99.11413970062503,
        "T": 21.32566092332452,
        "F": 841.2255386796176
    }
}