{
    "model_name": "ThermalTime",
    "parameters": {
        "t1": 161.49986034648313,
        "T": -11.454949814838407,
        "F": 595.7490101867365
    }
}