{
    "model_name": "ThermalTime",
    "parameters": {
        "t1": 134.736686131844,
        "T": -1.5035696219176165,
        "F": 582.1028453963578
    }
}