{
    "model_name": "ThermalTime",
    "parameters": {
        "t1": 214.02731512385753,
        "T": 16.910433564249516,
        "F": 39.52152867620953
    }
}