{
    "model_name": "ThermalTime",
    "parameters": {
        "t1": 212.7492848504155,
        "T": -19.4965196573471,
        "F": 295.34876132760144
    }
}