{
    "model_name": "ThermalTime",
    "parameters": {
        "t1": 86.17137367542614,
        "T": 16.998009293397526,
        "F": 855.3757101034532
    }
}