{
    "model_name": "ThermalTime",
    "parameters": {
        "t1": 104.09943996011665,
        "T": -5.701530772980296,
        "F": 888.4915067671036
    }
}