{
    "model_name": "ThermalTime",
    "parameters": {
        "t1": 78.43452413702242,
        "T": 8.168400371028245,
        "F": 863.1686025233369
    }
}