{
    "model_name": "ThermalTime",
    "parameters": {
        "t1": 113.45677782695307,
        "T": -7.365056262041659,
        "F": 837.6402640698409
    }
}