{
    "model_name": "ThermalTime",
    "parameters": {
        "t1": 209.78197049583844,
        "T": 6.90051695526786,
        "F": 28.525366382780987
    }
}