{
    "model_name": "ThermalTime",
    "parameters": {
        "t1": 169.86939015909275,
        "T": -12.007759842667094,
        "F": 862.6369428490143
    }
}