{
    "model_name": "ThermalTime",
    "parameters": {
        "t1": 217.76999746384098,
        "T": -22.848287011693174,
        "F": 89.07917739515756
    }
}