{
    "model_name": "ThermalTime",
    "parameters": {
        "t1": 118.97359025278872,
        "T": -4.267373760264853,
        "F": 579.347288220908
    }
}