{
    "model_name": "ThermalTime",
    "parameters": {
        "t1": 157.7766323076694,
        "T": -6.482442606608879,
        "F": 882.787837282479
    }
}